날짜,구분,카테고리,순위,단어,빈도수,감성
2026-09-02,아시아경제,경제,1,대표,28,중립
2026-09-02,아시아경제,경제,2,사업,28,중립
2026-09-02,아시아경제,경제,3,브랜드,27,중립
2026-09-02,아시아경제,경제,4,금융,23,중립
2026-09-02,아시아경제,경제,5,확대,21,긍정
2026-09-02,아시아경제,경제,6,기업,20,중립
2026-09-02,아시아경제,경제,7,콘텐츠,18,중립
2026-09-02,아시아경제,경제,8,서비스,17,중립
2026-09-02,아시아경제,경제,9,활용,17,중립
2026-09-02,아시아경제,경제,10,평가,15,중립
2026-09-02,아시아경제,경제,11,정상,15,중립
2026-09-02,아시아경제,경제,12,전환,13,중립
2026-09-02,아시아경제,경제,13,기후,13,중립
2026-09-02,아시아경제,경제,14,운영,13,중립
2026-09-02,아시아경제,경제,15,개발,13,중립
2026-09-02,아시아경제,경제,16,글로벌,13,중립
2026-09-02,아시아경제,경제,17,시대,12,중립
2026-09-02,아시아경제,경제,18,은행,12,중립
2026-09-02,아시아경제,경제,19,기회,12,중립
2026-09-02,아시아경제,경제,20,대출,12,중립
2026-09-02,아시아경제,경제,21,중국,11,중립
2026-09-02,아시아경제,경제,22,다양,11,중립
2026-09-02,아시아경제,경제,23,지능,11,중립
2026-09-02,아시아경제,경제,24,변화,11,중립
2026-09-02,아시아경제,경제,25,해외,11,중립
2026-09-02,아시아경제,경제,26,시장,11,중립
2026-09-02,아시아경제,경제,27,회담,10,중립
2026-09-02,아시아경제,경제,28,가능,10,중립
2026-09-02,아시아경제,경제,29,선박,10,중립
2026-09-02,아시아경제,경제,30,신용,10,중립
2026-09-02,아시아경제,경제,31,바이오,10,중립
2026-09-02,아시아경제,경제,32,성장,10,긍정
2026-09-02,아시아경제,경제,33,참석,10,중립
2026-09-02,아시아경제,경제,34,제품,10,중립
2026-09-02,아시아경제,경제,35,회사,10,중립
2026-09-02,아시아경제,경제,36,토큰,9,중립
2026-09-02,아시아경제,경제,37,개최,9,긍정
2026-09-02,아시아경제,경제,38,대상,9,중립
2026-09-02,아시아경제,경제,39,상공인,9,중립
2026-09-02,아시아경제,경제,40,오비고,9,중립
2026-09-02,아시아경제,경제,41,차량,9,중립
2026-09-02,아시아경제,경제,42,플랫폼,9,중립
2026-09-02,아시아경제,경제,43,대통령,9,중립
2026-09-02,아시아경제,경제,44,국내,9,중립
2026-09-02,아시아경제,경제,45,경험,9,중립
2026-09-02,아시아경제,경제,46,기술,9,중립
2026-09-02,아시아경제,경제,47,지속,9,중립
2026-09-02,아시아경제,경제,48,가치,9,중립
2026-09-02,아시아경제,경제,49,제도,9,중립
2026-09-02,아시아경제,경제,50,주요,9,중립
2026-09-02,아시아경제,경제,51,소비자,9,중립
2026-09-02,아시아경제,경제,52,시범,9,중립
2026-09-02,아시아경제,경제,53,민간,8,중립
2026-09-02,아시아경제,경제,54,송전,8,중립
2026-09-02,아시아경제,경제,55,메디포스트,8,중립
2026-09-02,아시아경제,경제,56,버추얼,8,중립
2026-09-02,아시아경제,경제,57,오디오,8,중립
2026-09-02,아시아경제,경제,58,러시아,8,중립
2026-09-02,아시아경제,경제,59,회의,8,중립
2026-09-02,아시아경제,경제,60,미국,8,중립
2026-09-02,아시아경제,경제,61,인공,8,중립
2026-09-02,아시아경제,경제,62,분야,8,중립
2026-09-02,아시아경제,경제,63,중심,8,중립
2026-09-02,아시아경제,경제,64,도입,8,중립
2026-09-02,아시아경제,경제,65,일본,8,중립
2026-09-02,아시아경제,경제,66,전략,8,중립
2026-09-02,아시아경제,경제,67,사장,8,중립
2026-09-02,아시아경제,경제,68,트럼프,7,중립
2026-09-02,아시아경제,경제,69,나라사랑카드,7,중립
2026-09-02,아시아경제,경제,70,공개,7,중립
2026-09-02,아시아경제,경제,71,회동,7,중립
2026-09-02,아시아경제,경제,72,생성,7,중립
2026-09-02,아시아경제,경제,73,이용,7,중립
2026-09-02,아시아경제,경제,74,반영,7,중립
2026-09-02,아시아경제,경제,75,생산,7,중립
2026-09-02,아시아경제,경제,76,기존,7,중립
2026-09-02,아시아경제,경제,77,전력,7,중립
2026-09-02,아시아경제,경제,78,참여,7,긍정
2026-09-02,아시아경제,경제,79,사례,7,중립
2026-09-02,아시아경제,경제,80,육아,7,중립
2026-09-02,아시아경제,경제,81,호르무즈,6,중립
2026-09-02,아시아경제,경제,82,한국,6,중립
2026-09-02,아시아경제,경제,83,혜택,6,긍정
2026-09-02,아시아경제,경제,84,연속,6,중립
2026-09-02,아시아경제,경제,85,베베숲,6,중립
2026-09-02,아시아경제,경제,86,부사장,6,중립
2026-09-02,아시아경제,경제,87,자사,6,중립
2026-09-02,아시아경제,경제,88,픽클,6,중립
2026-09-02,아시아경제,경제,89,확보,6,긍정
2026-09-02,아시아경제,경제,90,논의,6,중립
2026-09-02,아시아경제,경제,91,추진,6,중립
2026-09-02,아시아경제,경제,92,공격,6,중립
2026-09-02,아시아경제,경제,93,지난달,6,중립
2026-09-02,아시아경제,경제,94,분석,6,중립
2026-09-02,아시아경제,경제,95,강화,6,긍정
2026-09-02,아시아경제,경제,96,영역,6,중립
2026-09-02,아시아경제,경제,97,서울대,6,중립
2026-09-02,아시아경제,경제,98,산업,6,중립
2026-09-02,아시아경제,경제,99,공급,6,중립
2026-09-02,아시아경제,경제,100,향후,6,중립
